,player_id,player_name,born,url,market_value
0,,Sebastian Szymanski,1999,https://www.transfermarkt.pl/sebastian-szymanski/profil/spieler/320748,18000000
1,,Jakub Moder,1999,https://www.transfermarkt.pl/jakub-moder/profil/spieler/384461,10000000
2,,Kamil Grabara,1999,https://www.transfermarkt.pl/kamil-grabara/profil/spieler/346551,9000000
3,,Bartosz Slisz,1999,https://www.transfermarkt.pl/bartosz-slisz/profil/spieler/382429,5500000
4,,Radoslaw Majecki,1999,https://www.transfermarkt.pl/radoslaw-majecki/profil/spieler/346546,2000000
5,,Marcin Bulka,1999,https://www.transfermarkt.pl/marcin-bulka/profil/spieler/465955,2000000
6,,Tymoteusz Puchacz,1999,https://www.transfermarkt.pl/tymoteusz-puchacz/profil/spieler/361575,1200000
7,,Karol Niemczycki,1999,https://www.transfermarkt.pl/karol-niemczycki/profil/spieler/521634,1200000
8,,Kacper Chodyna,1999,https://www.transfermarkt.pl/kacper-chodyna/profil/spieler/320733,900000
9,,Patryk Makuch,1999,https://www.transfermarkt.pl/patryk-makuch/profil/spieler/453639,750000
10,,Tomasz Makowski,1999,https://www.transfermarkt.pl/tomasz-makowski/profil/spieler/320961,700000
11,,Aleks Lawniczak,1999,https://www.transfermarkt.pl/aleks-lawniczak/profil/spieler/425739,600000
12,,Rafal Straczek,1999,https://www.transfermarkt.pl/rafal-straczek/profil/spieler/447343,600000
13,,Daniel Bielica,1999,https://www.transfermarkt.pl/daniel-bielica/profil/spieler/463233,550000
14,,Dawid Kurminowski,1999,https://www.transfermarkt.pl/dawid-kurminowski/profil/spieler/346549,550000
15,,Serafin Szota,1999,https://www.transfermarkt.pl/serafin-szota/profil/spieler/384524,550000
16,,Adrian Gryszkiewicz,1999,https://www.transfermarkt.pl/adrian-gryszkiewicz/profil/spieler/388944,500000
17,,Marek Mroz,1999,https://www.transfermarkt.pl/marek-mroz/profil/spieler/346547,400000
18,,Patryk Sikora,1999,https://www.transfermarkt.pl/patryk-sikora/profil/spieler/389397,400000
19,,David Kopacz,1999,https://www.transfermarkt.pl/david-kopacz/profil/spieler/317739,300000
20,,Sebastian Bergier,1999,https://www.transfermarkt.pl/sebastian-bergier/profil/spieler/384337,300000
21,,Adrian Lyszczarz,1999,https://www.transfermarkt.pl/adrian-lyszczarz/profil/spieler/384791,300000
22,,Kacper Krzepisz,1999,https://www.transfermarkt.pl/kacper-krzepisz/profil/spieler/400871,300000
23,,Dominik Steczyk,1999,https://www.transfermarkt.pl/dominik-steczyk/profil/spieler/344415,275000
24,,Jan Sobocinski,1999,https://www.transfermarkt.pl/jan-sobocinski/profil/spieler/320747,250000
25,,Adam Chrzanowski,1999,https://www.transfermarkt.pl/adam-chrzanowski/profil/spieler/320898,250000
26,,Szymon Lewkot,1999,https://www.transfermarkt.pl/szymon-lewkot/profil/spieler/384789,250000
27,,Daniel Mikolajewski,1999,https://www.transfermarkt.pl/daniel-mikolajewski/profil/spieler/448567,250000
28,,Bartlomiej Gradecki,1999,https://www.transfermarkt.pl/bartlomiej-gradecki/profil/spieler/520503,250000
29,,Oskar Repka,1999,https://www.transfermarkt.pl/oskar-repka/profil/spieler/384823,200000
30,,Milosz Kalahur,1999,https://www.transfermarkt.pl/milosz-kalahur/profil/spieler/398802,200000
31,,Michal Feliks,1999,https://www.transfermarkt.pl/michal-feliks/profil/spieler/452706,200000
32,,Kacper Kostorz,1999,https://www.transfermarkt.pl/kacper-kostorz/profil/spieler/510459,200000
33,,Pawel Olszewski,1999,https://www.transfermarkt.pl/pawel-olszewski/profil/spieler/342659,150000
34,,Mateusz Lewandowski,1999,https://www.transfermarkt.pl/mateusz-lewandowski/profil/spieler/438351,150000
35,,Jakub Teclaw,1999,https://www.transfermarkt.pl/jakub-teclaw/profil/spieler/502196,150000
36,,Dominik Sokol,1999,https://www.transfermarkt.pl/dominik-sokol/profil/spieler/532377,125000
37,,Dariusz Pawlowski,1999,https://www.transfermarkt.pl/dariusz-pawlowski/profil/spieler/386956,100000
38,,Aron Stasiak,1999,https://www.transfermarkt.pl/aron-stasiak/profil/spieler/387265,75000
39,,Mateusz Bondarenko,1999,https://www.transfermarkt.pl/mateusz-bondarenko/profil/spieler/342660,50000
40,,Milosz Mleczko,1999,https://www.transfermarkt.pl/milosz-mleczko/profil/spieler/366213,50000
41,,Sebastian Strozik,1999,https://www.transfermarkt.pl/sebastian-strozik/profil/spieler/384438,50000
42,,Radoslaw Kanach,1999,https://www.transfermarkt.pl/radoslaw-kanach/profil/spieler/396690,50000
43,,Szymon Jopek,1999,https://www.transfermarkt.pl/szymon-jopek/profil/spieler/407953,50000
44,,Sylwester Lusiusz,1999,https://www.transfermarkt.pl/sylwester-lusiusz/profil/spieler/426297,50000
45,,Wojciech Blyszko,1999,https://www.transfermarkt.pl/wojciech-blyszko/profil/spieler/454377,50000
46,,Piotr Zielinski,1999,https://www.transfermarkt.pl/piotr-zielinski/profil/spieler/528347,50000
47,,Jakub Lemanowicz,1999,https://www.transfermarkt.pl/jakub-lemanowicz/profil/spieler/528348,50000
48,,Dominik Polap,1999,https://www.transfermarkt.pl/dominik-polap/profil/spieler/598565,50000
49,,Kacper Jodlowski,1999,https://www.transfermarkt.pl/kacper-jodlowski/profil/spieler/606731,50000
50,,Jakub Bednarczyk,1999,https://www.transfermarkt.pl/jakub-bednarczyk/profil/spieler/346328,25000
51,,Jozef Burta,1999,https://www.transfermarkt.pl/jozef-burta/profil/spieler/393891,25000
52,,Stanislaw Wawrzynowicz,1999,https://www.transfermarkt.pl/stanislaw-wawrzynowicz/profil/spieler/409048,25000
62,,Jakub Kiwior,2000,https://www.transfermarkt.pl/jakub-kiwior/profil/spieler/425918,25000000
63,,Michal Skoras,2000,https://www.transfermarkt.pl/michal-skoras/profil/spieler/393565,6000000
64,,Kamil Piatkowski,2000,https://www.transfermarkt.pl/kamil-piatkowski/profil/spieler/345449,4000000
65,,Adrian Benedyczak,2000,https://www.transfermarkt.pl/adrian-benedyczak/profil/spieler/454386,4000000
66,,Sebastian Walukiewicz,2000,https://www.transfermarkt.pl/sebastian-walukiewicz/profil/spieler/345458,3000000
67,,Lukasz Poreba,2000,https://www.transfermarkt.pl/lukasz-poreba/profil/spieler/532169,2000000
68,,Ben Lederman,2000,https://www.transfermarkt.pl/ben-lederman/profil/spieler/366929,1500000
69,,Bartosz Mrozek,2000,https://www.transfermarkt.pl/bartosz-mrozek/profil/spieler/345452,900000
70,,Mateusz Praszelik,2000,https://www.transfermarkt.pl/mateusz-praszelik/profil/spieler/374418,900000
71,,Krzysztof Kubica,2000,https://www.transfermarkt.pl/krzysztof-kubica/profil/spieler/573968,900000
72,,Bartlomiej Wdowik,2000,https://www.transfermarkt.pl/bartlomiej-wdowik/profil/spieler/589013,900000
73,,Maciej Zurawski,2000,https://www.transfermarkt.pl/maciej-zurawski/profil/spieler/454388,600000
74,,Karol Czubak,2000,https://www.transfermarkt.pl/karol-czubak/profil/spieler/622871,600000
75,,Michael Ameyaw,2000,https://www.transfermarkt.pl/michael-ameyaw/profil/spieler/528414,550000
76,,Kamil Kruk,2000,https://www.transfermarkt.pl/kamil-kruk/profil/spieler/372696,500000
77,,Mateusz Kochalski,2000,https://www.transfermarkt.pl/mateusz-kochalski/profil/spieler/404055,500000
78,,Filip Majchrowicz,2000,https://www.transfermarkt.pl/filip-majchrowicz/profil/spieler/528402,500000
79,,Mateusz Skrzypczak,2000,https://www.transfermarkt.pl/mateusz-skrzypczak/profil/spieler/345454,450000
80,,Kacper Michalski,2000,https://www.transfermarkt.pl/kacper-michalski/profil/spieler/466224,450000
81,,Wiktor Dlugosz,2000,https://www.transfermarkt.pl/wiktor-dlugosz/profil/spieler/453156,400000
82,,Wojciech Hajda,2000,https://www.transfermarkt.pl/wojciech-hajda/profil/spieler/372695,350000
83,,Marcel Pieczek,2000,https://www.transfermarkt.pl/marcel-pieczek/profil/spieler/585080,350000
84,,Jakub Bielecki,2000,https://www.transfermarkt.pl/jakub-bielecki/profil/spieler/596470,350000
85,,Jakub Stolarczyk,2000,https://www.transfermarkt.pl/jakub-stolarczyk/profil/spieler/486144,250000
86,,Piotr Janczukowicz,2000,https://www.transfermarkt.pl/piotr-janczukowicz/profil/spieler/496093,250000
87,,Maksymilian Sitek,2000,https://www.transfermarkt.pl/maksymilian-sitek/profil/spieler/532428,250000
88,,Jakub Letniowski,2000,https://www.transfermarkt.pl/jakub-letniowski/profil/spieler/573147,200000
89,,Adrian Stanilewicz,2000,https://www.transfermarkt.pl/adrian-stanilewicz/profil/spieler/389078,175000
90,,Daniel Skiba,2000,https://www.transfermarkt.pl/daniel-skiba/profil/spieler/565983,175000
91,,Daniel Pik,2000,https://www.transfermarkt.pl/daniel-pik/profil/spieler/528410,150000
92,,Wojciech Laski,2000,https://www.transfermarkt.pl/wojciech-laski/profil/spieler/694787,150000
93,,Marcel Zylla,2000,https://www.transfermarkt.pl/marcel-zylla/profil/spieler/336330,100000
94,,Marcin Grabowski,2000,https://www.transfermarkt.pl/marcin-grabowski/profil/spieler/345451,100000
95,,Kacper Tabis,2000,https://www.transfermarkt.pl/kacper-tabis/profil/spieler/358874,100000
96,,Kacper Spiewak,2000,https://www.transfermarkt.pl/kacper-spiewak/profil/spieler/504361,100000
97,,Mateusz Grudzinski,2000,https://www.transfermarkt.pl/mateusz-grudzinski/profil/spieler/514201,100000
98,,Kacper Piatek,2000,https://www.transfermarkt.pl/kacper-piatek/profil/spieler/549694,100000
99,,Wiktor Klos,2000,https://www.transfermarkt.pl/wiktor-klos/profil/spieler/529538,75000
100,,Tymoteusz Klups,2000,https://www.transfermarkt.pl/tymoteusz-klups/profil/spieler/358873,50000
101,,Kacper Welniak,2000,https://www.transfermarkt.pl/kacper-welniak/profil/spieler/393567,50000
102,,Pawel Tupaj,2000,https://www.transfermarkt.pl/pawel-tupaj/profil/spieler/412483,50000
103,,Bartlomiej Kukulowicz,2000,https://www.transfermarkt.pl/bartlomiej-kukulowicz/profil/spieler/428919,50000
104,,Michal Krol,2000,https://www.transfermarkt.pl/michal-krol/profil/spieler/461569,50000
105,,Patryk Plewka,2000,https://www.transfermarkt.pl/patryk-plewka/profil/spieler/495237,50000
106,,Karol Turek,2000,https://www.transfermarkt.pl/karol-turek/profil/spieler/527603,50000
107,,Mateusz Ozimek,2000,https://www.transfermarkt.pl/mateusz-ozimek/profil/spieler/549313,50000
108,,Hugo Bartkowiak,2000,https://www.transfermarkt.pl/hugo-bartkowiak/profil/spieler/549804,50000
109,,Michal Bednarski,2000,https://www.transfermarkt.pl/michal-bednarski/profil/spieler/585989,50000
110,,Nikodem Zawistowski,2000,https://www.transfermarkt.pl/nikodem-zawistowski/profil/spieler/589225,50000
111,,Jan Majsterek,2000,https://www.transfermarkt.pl/jan-majsterek/profil/spieler/597614,50000
112,,Dawid Kasprzyk,2000,https://www.transfermarkt.pl/dawid-kasprzyk/profil/spieler/687441,50000
113,,Robert Ozog,2000,https://www.transfermarkt.pl/robert-ozog/profil/spieler/345444,25000
114,,Mateusz Gorski,2000,https://www.transfermarkt.pl/mateusz-gorski/profil/spieler/384778,25000
115,,Patryk Zaucha,2000,https://www.transfermarkt.pl/patryk-zaucha/profil/spieler/393568,25000
116,,Michal Ozga,2000,https://www.transfermarkt.pl/michal-ozga/profil/spieler/452666,25000
117,,Jakub Szymanski,2000,https://www.transfermarkt.pl/jakub-szymanski/profil/spieler/469658,25000
118,,Beniamin Czajka,2000,https://www.transfermarkt.pl/beniamin-czajka/profil/spieler/505527,25000
119,,Adrian Szczutowski,2000,https://www.transfermarkt.pl/adrian-szczutowski/profil/spieler/536293,25000
120,,Mateusz Machala,2000,https://www.transfermarkt.pl/mateusz-machala/profil/spieler/596471,25000
121,,Kamil Ogorzaly,2000,https://www.transfermarkt.pl/kamil-ogorzaly/profil/spieler/655588,25000
122,,Aleksander Bieganski,2000,https://www.transfermarkt.pl/aleksander-bieganski/profil/spieler/687440,25000
156,,Maik Nawrocki,2001,https://www.transfermarkt.pl/maik-nawrocki/profil/spieler/407745,4500000
157,,Michal Karbownik,2001,https://www.transfermarkt.pl/michal-karbownik/profil/spieler/401604,3000000
158,,Bartosz Bialek,2001,https://www.transfermarkt.pl/bartosz-bialek/profil/spieler/535551,3000000
159,,Lukasz Lakomy,2001,https://www.transfermarkt.pl/lukasz-lakomy/profil/spieler/401598,2000000
160,,Mateusz Bogusz,2001,https://www.transfermarkt.pl/mateusz-bogusz/profil/spieler/431475,1200000
161,,Maciej Rosolek,2001,https://www.transfermarkt.pl/maciej-rosolek/profil/spieler/401609,1000000
162,,Karol Struski,2001,https://www.transfermarkt.pl/karol-struski/profil/spieler/553562,900000
163,,Ernest Terpilowski,2001,https://www.transfermarkt.pl/ernest-terpilowski/profil/spieler/573345,800000
164,,Karol Knap,2001,https://www.transfermarkt.pl/karol-knap/profil/spieler/800664,600000
165,,Mateusz Zukowski,2001,https://www.transfermarkt.pl/mateusz-zukowski/profil/spieler/470375,500000
166,,Jedrzej Grobelny,2001,https://www.transfermarkt.pl/jedrzej-grobelny/profil/spieler/531538,500000
167,,Aleksander Paluszek,2001,https://www.transfermarkt.pl/aleksander-paluszek/profil/spieler/605746,500000
168,,Konrad Matuszewski,2001,https://www.transfermarkt.pl/konrad-matuszewski/profil/spieler/401599,450000
169,,Wiktor Plesnierowicz,2001,https://www.transfermarkt.pl/wiktor-plesnierowicz/profil/spieler/407089,400000
170,,Szymon Czyz,2001,https://www.transfermarkt.pl/szymon-czyz/profil/spieler/407094,400000
171,,Cezary Miszta,2001,https://www.transfermarkt.pl/cezary-miszta/profil/spieler/487167,400000
172,,Kryspin Szczesniak,2001,https://www.transfermarkt.pl/kryspin-szczesniak/profil/spieler/549312,400000
173,,Kacper Smolinski,2001,https://www.transfermarkt.pl/kacper-smolinski/profil/spieler/597231,400000
174,,Marcel Zapytowski,2001,https://www.transfermarkt.pl/marcel-zapytowski/profil/spieler/598274,400000
175,,Piotr Samiec-Talar,2001,https://www.transfermarkt.pl/piotr-samiec-talar/profil/spieler/598448,400000
176,,Norbert Wojtuszek,2001,https://www.transfermarkt.pl/norbert-wojtuszek/profil/spieler/607435,400000
177,,Aleksander Pawlak,2001,https://www.transfermarkt.pl/aleksander-pawlak/profil/spieler/725654,400000
178,,Olaf Kobacki,2001,https://www.transfermarkt.pl/olaf-kobacki/profil/spieler/407734,350000
179,,Dawid Olejarka,2001,https://www.transfermarkt.pl/dawid-olejarka/profil/spieler/608656,350000
180,,Lukasz Zjawinski,2001,https://www.transfermarkt.pl/lukasz-zjawinski/profil/spieler/401608,300000
181,,Bartosz Bida,2001,https://www.transfermarkt.pl/bartosz-bida/profil/spieler/475802,300000
182,,Dawid Szot,2001,https://www.transfermarkt.pl/dawid-szot/profil/spieler/545673,300000
183,,Dawid Arndt,2001,https://www.transfermarkt.pl/dawid-arndt/profil/spieler/572949,300000
184,,Bartlomiej Ciepiela,2001,https://www.transfermarkt.pl/bartlomiej-ciepiela/profil/spieler/576569,300000
185,,Marcin Szpakowski,2001,https://www.transfermarkt.pl/marcin-szpakowski/profil/spieler/605748,300000
186,,Mieszko Lorenc,2001,https://www.transfermarkt.pl/mieszko-lorenc/profil/spieler/401594,250000
187,,Jakub Sypek,2001,https://www.transfermarkt.pl/jakub-sypek/profil/spieler/504601,250000
188,,Maciej Sliwa,2001,https://www.transfermarkt.pl/maciej-sliwa/profil/spieler/528369,250000
189,,Oskar Sewerzynski,2001,https://www.transfermarkt.pl/oskar-sewerzynski/profil/spieler/605816,250000
190,,Wojciech Kaminski,2001,https://www.transfermarkt.pl/wojciech-kaminski/profil/spieler/683545,250000
191,,Patryk Szwedzik,2001,https://www.transfermarkt.pl/patryk-szwedzik/profil/spieler/693310,250000
192,,Bartłomiej Eizenchart,2001,https://www.transfermarkt.pl/bart%C5%82omiej-eizenchart/profil/spieler/501635,200000
193,,Rafal Adamski,2001,https://www.transfermarkt.pl/rafal-adamski/profil/spieler/549982,200000
194,,Jakub Nowakowski,2001,https://www.transfermarkt.pl/jakub-nowakowski/profil/spieler/622369,200000
195,,Dominik Pila,2001,https://www.transfermarkt.pl/dominik-pila/profil/spieler/687671,200000
196,,Mateusz Mlynski,2001,https://www.transfermarkt.pl/mateusz-mlynski/profil/spieler/512294,150000
197,,Marcel Mansfeld,2001,https://www.transfermarkt.pl/marcel-mansfeld/profil/spieler/518470,150000
198,,Kacper Skibicki,2001,https://www.transfermarkt.pl/kacper-skibicki/profil/spieler/607860,150000
199,,Dominik Frelek,2001,https://www.transfermarkt.pl/dominik-frelek/profil/spieler/608932,150000
200,,Louis Poznanski,2001,https://www.transfermarkt.pl/louis-poznanski/profil/spieler/393922,100000
201,,Dorian Ciezkowski,2001,https://www.transfermarkt.pl/dorian-ciezkowski/profil/spieler/466367,100000
202,,Javier Hyjek,2001,https://www.transfermarkt.pl/javier-hyjek/profil/spieler/536846,100000
203,,Kacper Radkowski,2001,https://www.transfermarkt.pl/kacper-radkowski/profil/spieler/621567,100000
204,,Pawel Zuk,2001,https://www.transfermarkt.pl/pawel-zuk/profil/spieler/407733,75000
205,,Krystian Wachowiak,2001,https://www.transfermarkt.pl/krystian-wachowiak/profil/spieler/583560,75000
206,,Kamil Broda,2001,https://www.transfermarkt.pl/kamil-broda/profil/spieler/531010,50000
207,,Kacper Cichon,2001,https://www.transfermarkt.pl/kacper-cichon/profil/spieler/573868,50000
208,,Michal Stachera,2001,https://www.transfermarkt.pl/michal-stachera/profil/spieler/579447,50000
209,,Konrad Gruszkowski,2001,https://www.transfermarkt.pl/konrad-gruszkowski/profil/spieler/579448,50000
210,,Mikolaj Labojko,2001,https://www.transfermarkt.pl/mikolaj-labojko/profil/spieler/603304,50000
211,,Piotr Kusinski,2001,https://www.transfermarkt.pl/piotr-kusinski/profil/spieler/613759,50000
212,,Bruno Waclawek,2001,https://www.transfermarkt.pl/bruno-waclawek/profil/spieler/614945,50000
213,,Bartosz Zbiciak,2001,https://www.transfermarkt.pl/bartosz-zbiciak/profil/spieler/619291,50000
214,,Mateusz Cegielka,2001,https://www.transfermarkt.pl/mateusz-cegielka/profil/spieler/640747,50000
215,,Filip Chalupniczak,2001,https://www.transfermarkt.pl/filip-chalupniczak/profil/spieler/918861,50000
216,,Damian Sedzikowski,2001,https://www.transfermarkt.pl/damian-sedzikowski/profil/spieler/401597,25000
217,,Michal Molenda,2001,https://www.transfermarkt.pl/michal-molenda/profil/spieler/539583,25000
218,,Jakub Wilczynski,2001,https://www.transfermarkt.pl/jakub-wilczynski/profil/spieler/549803,25000
219,,Piotr Jozwiak,2001,https://www.transfermarkt.pl/piotr-jozwiak/profil/spieler/575634,25000
220,,Maciej Twarowski,2001,https://www.transfermarkt.pl/maciej-twarowski/profil/spieler/577588,25000
221,,Marcel Sluga,2001,https://www.transfermarkt.pl/marcel-sluga/profil/spieler/585634,25000
222,,Jakub Rudek,2001,https://www.transfermarkt.pl/jakub-rudek/profil/spieler/596455,25000
223,,Kacper Lepczynski,2001,https://www.transfermarkt.pl/kacper-lepczynski/profil/spieler/605804,25000
224,,Mikolaj Wasilewski,2001,https://www.transfermarkt.pl/mikolaj-wasilewski/profil/spieler/608923,25000
225,,Patryk Czerech,2001,https://www.transfermarkt.pl/patryk-czerech/profil/spieler/628059,25000
226,,Nikolas Korzeniecki,2001,https://www.transfermarkt.pl/nikolas-korzeniecki/profil/spieler/658155,25000
227,,Krystian Tabara,2001,https://www.transfermarkt.pl/krystian-tabara/profil/spieler/687611,25000
228,,Kacper Dana,2001,https://www.transfermarkt.pl/kacper-dana/profil/spieler/813830,25000
229,,Dawid Krzyzanski,2001,https://www.transfermarkt.pl/dawid-krzyzanski/profil/spieler/884505,25000
230,,Michal Oczkowski,2001,https://www.transfermarkt.pl/michal-oczkowski/profil/spieler/902904,25000
231,,Jakub Kaczmarek,2001,https://www.transfermarkt.pl/jakub-kaczmarek/profil/spieler/912506,25000
232,,Ernest Slupski,2001,https://www.transfermarkt.pl/ernest-slupski/profil/spieler/913665,25000
233,,Bartlomiej Jelonek,2001,https://www.transfermarkt.pl/bartlomiej-jelonek/profil/spieler/1033044,25000
240,,Nicola Zalewski,2002,https://www.transfermarkt.pl/nicola-zalewski/profil/spieler/550108,20000000
241,,Jakub Kaminski,2002,https://www.transfermarkt.pl/jakub-kaminski/profil/spieler/407098,12000000
242,,Filip Marchwinski,2002,https://www.transfermarkt.pl/filip-marchwinski/profil/spieler/555106,4500000
243,,Kacper Tobiasz,2002,https://www.transfermarkt.pl/kacper-tobiasz/profil/spieler/658111,4500000
244,,Filip Szymczak,2002,https://www.transfermarkt.pl/filip-szymczak/profil/spieler/554972,3000000
245,,Michal Rakoczy,2002,https://www.transfermarkt.pl/michal-rakoczy/profil/spieler/529548,1500000
246,,Arkadiusz Pyrka,2002,https://www.transfermarkt.pl/arkadiusz-pyrka/profil/spieler/599733,1500000
247,,Kajetan Szmyt,2002,https://www.transfermarkt.pl/kajetan-szmyt/profil/spieler/658730,1500000
248,,Bartlomiej Kludka,2002,https://www.transfermarkt.pl/bartlomiej-kludka/profil/spieler/697437,1500000
249,,Gabriel Kobylak,2002,https://www.transfermarkt.pl/gabriel-kobylak/profil/spieler/559998,800000
250,,Kacper Bieszczad,2002,https://www.transfermarkt.pl/kacper-bieszczad/profil/spieler/554944,700000
251,,Lukasz Bejger,2002,https://www.transfermarkt.pl/lukasz-bejger/profil/spieler/554969,700000
252,,Jakub Kaluzinski,2002,https://www.transfermarkt.pl/jakub-kaluzinski/profil/spieler/699418,650000
253,,Jakub Myszor,2002,https://www.transfermarkt.pl/jakub-myszor/profil/spieler/697554,600000
254,,Marcel Wedrychowski,2002,https://www.transfermarkt.pl/marcel-wedrychowski/profil/spieler/554975,500000
255,,Kacper Karasek,2002,https://www.transfermarkt.pl/kacper-karasek/profil/spieler/623745,450000
256,,Adam Ratajczyk,2002,https://www.transfermarkt.pl/adam-ratajczyk/profil/spieler/628624,450000
257,,Mikolaj Bieganski,2002,https://www.transfermarkt.pl/mikolaj-bieganski/profil/spieler/516822,400000
258,,Lucjan Klisiewicz,2002,https://www.transfermarkt.pl/lucjan-klisiewicz/profil/spieler/643095,400000
259,,Patryk Peda,2002,https://www.transfermarkt.pl/patryk-peda/profil/spieler/555113,350000
260,,Kamil Lukoszek,2002,https://www.transfermarkt.pl/kamil-lukoszek/profil/spieler/566342,350000
261,,Dawid Kocyla,2002,https://www.transfermarkt.pl/dawid-kocyla/profil/spieler/605780,350000
262,,Daniel Dudzinski,2002,https://www.transfermarkt.pl/daniel-dudzinski/profil/spieler/554945,300000
263,,Jan Bieganski,2002,https://www.transfermarkt.pl/jan-bieganski/profil/spieler/566355,300000
264,,Bartosz Klebaniuk,2002,https://www.transfermarkt.pl/bartosz-klebaniuk/profil/spieler/621424,300000
265,,Antoni Klimek,2002,https://www.transfermarkt.pl/antoni-klimek/profil/spieler/700804,300000
266,,Jakub Szymanski,2002,https://www.transfermarkt.pl/jakub-szymanski/profil/spieler/798319,300000
267,,Mateusz Stepien,2002,https://www.transfermarkt.pl/mateusz-stepien/profil/spieler/555112,250000
268,,Przemyslaw Peksa,2002,https://www.transfermarkt.pl/przemyslaw-peksa/profil/spieler/782410,250000
269,,Hubert Idasiak,2002,https://www.transfermarkt.pl/hubert-idasiak/profil/spieler/555557,150000
270,,Bartosz Guzdek,2002,https://www.transfermarkt.pl/bartosz-guzdek/profil/spieler/697454,150000
271,,Milosz Jozwiak,2002,https://www.transfermarkt.pl/milosz-jozwiak/profil/spieler/726861,150000
272,,Bartosz Zynek,2002,https://www.transfermarkt.pl/bartosz-zynek/profil/spieler/509589,100000
273,,Marcel Wszolek,2002,https://www.transfermarkt.pl/marcel-wszolek/profil/spieler/554973,100000
274,,Daniel Szelagowski,2002,https://www.transfermarkt.pl/daniel-szelagowski/profil/spieler/566350,100000
275,,Adam Kramarz,2002,https://www.transfermarkt.pl/adam-kramarz/profil/spieler/600169,100000
276,,Kelechukwu Ibe-Torti,2002,https://www.transfermarkt.pl/kelechukwu-ibe-torti/profil/spieler/607450,100000
277,,Bartosz Farbiszewski,2002,https://www.transfermarkt.pl/bartosz-farbiszewski/profil/spieler/697875,100000
278,,Krzysztof Wroblewski,2002,https://www.transfermarkt.pl/krzysztof-wroblewski/profil/spieler/747746,100000
279,,Grzegorz Glapka,2002,https://www.transfermarkt.pl/grzegorz-glapka/profil/spieler/914789,100000
280,,Dawid Hanc,2002,https://www.transfermarkt.pl/dawid-hanc/profil/spieler/657209,75000
281,,Bartosz Talar,2002,https://www.transfermarkt.pl/bartosz-talar/profil/spieler/407079,50000
282,,Jakub Iskra,2002,https://www.transfermarkt.pl/jakub-iskra/profil/spieler/498043,50000
283,,Tomasz Wozniak,2002,https://www.transfermarkt.pl/tomasz-wozniak/profil/spieler/540631,50000
284,,Jakub Niewiadomski,2002,https://www.transfermarkt.pl/jakub-niewiadomski/profil/spieler/554970,50000
285,,Dawid Rezaeian,2002,https://www.transfermarkt.pl/dawid-rezaeian/profil/spieler/554971,50000
286,,Oskar Krzyzak,2002,https://www.transfermarkt.pl/oskar-krzyzak/profil/spieler/554976,50000
287,,Kacper Sadlocha,2002,https://www.transfermarkt.pl/kacper-sadlocha/profil/spieler/554977,50000
288,,Jakub Staszak,2002,https://www.transfermarkt.pl/jakub-staszak/profil/spieler/577900,50000
289,,Eugenio Bracelli,2002,https://www.transfermarkt.pl/eugenio-bracelli/profil/spieler/621346,50000
290,,Krzysztof Toporkiewicz,2002,https://www.transfermarkt.pl/krzysztof-toporkiewicz/profil/spieler/628556,50000
291,,Patryk Szczuka,2002,https://www.transfermarkt.pl/patryk-szczuka/profil/spieler/667692,50000
292,,Wiktor Szywacz,2002,https://www.transfermarkt.pl/wiktor-szywacz/profil/spieler/671102,50000
293,,Jakub Sangowski,2002,https://www.transfermarkt.pl/jakub-sangowski/profil/spieler/673853,50000
294,,Mikolaj Rakowski,2002,https://www.transfermarkt.pl/mikolaj-rakowski/profil/spieler/699932,50000
295,,Jakub Witek,2002,https://www.transfermarkt.pl/jakub-witek/profil/spieler/790405,50000
296,,Eryk Mikolajewski,2002,https://www.transfermarkt.pl/eryk-mikolajewski/profil/spieler/875494,50000
297,,David Poreba,2002,https://www.transfermarkt.pl/david-poreba/profil/spieler/986794,50000
298,,Maksymilian Boruc,2002,https://www.transfermarkt.pl/maksymilian-boruc/profil/spieler/527248,25000
299,,Tomasz Nowak,2002,https://www.transfermarkt.pl/tomasz-nowak/profil/spieler/607235,25000
300,,Krystian Bartoszek,2002,https://www.transfermarkt.pl/krystian-bartoszek/profil/spieler/649897,25000
301,,Jakub Lis,2002,https://www.transfermarkt.pl/jakub-lis/profil/spieler/658113,25000
302,,Mateusz Dudek,2002,https://www.transfermarkt.pl/mateusz-dudek/profil/spieler/687439,25000
303,,Jakub Konstantyn,2002,https://www.transfermarkt.pl/jakub-konstantyn/profil/spieler/694477,25000
304,,Daniel Wolak,2002,https://www.transfermarkt.pl/daniel-wolak/profil/spieler/697778,25000
305,,Kacper Smolen,2002,https://www.transfermarkt.pl/kacper-smolen/profil/spieler/702398,25000
306,,Dawid Barnowski,2002,https://www.transfermarkt.pl/dawid-barnowski/profil/spieler/717662,25000
307,,Maciej Kowal,2002,https://www.transfermarkt.pl/maciej-kowal/profil/spieler/797820,25000
308,,Krystian Wieczorek,2002,https://www.transfermarkt.pl/krystian-wieczorek/profil/spieler/858902,25000
309,,Sebastian Usarz,2002,https://www.transfermarkt.pl/sebastian-usarz/profil/spieler/881060,25000
310,,Patryk Mociak,2002,https://www.transfermarkt.pl/patryk-mociak/profil/spieler/882632,25000
311,,Mikolaj Staniak,2002,https://www.transfermarkt.pl/mikolaj-staniak/profil/spieler/932508,25000
312,,Oskar Skuza,2002,https://www.transfermarkt.pl/oskar-skuza/profil/spieler/812871,10000
382,,Kacper Kozlowski,2003,https://www.transfermarkt.pl/kacper-kozlowski/profil/spieler/554284,8000000
383,,Szymon Wlodarczyk,2003,https://www.transfermarkt.pl/szymon-wlodarczyk/profil/spieler/554282,4500000
384,,Ariel Mosor,2003,https://www.transfermarkt.pl/ariel-mosor/profil/spieler/554288,2500000
385,,Mateusz Legowski,2003,https://www.transfermarkt.pl/mateusz-legowski/profil/spieler/570466,1800000
386,,Dominik Marczuk,2003,https://www.transfermarkt.pl/dominik-marczuk/profil/spieler/699488,800000
387,,Aleksander Buksa,2003,https://www.transfermarkt.pl/aleksander-buksa/profil/spieler/553757,700000
388,,Kacper Trelowski,2003,https://www.transfermarkt.pl/kacper-trelowski/profil/spieler/720120,700000
389,,Tomasz Wojtowicz,2003,https://www.transfermarkt.pl/tomasz-wojtowicz/profil/spieler/875035,650000
390,,Kewin Komar,2003,https://www.transfermarkt.pl/kewin-komar/profil/spieler/605779,600000
391,,Xavier Dziekonski,2003,https://www.transfermarkt.pl/xavier-dziekonski/profil/spieler/699400,550000
392,,Fryderyk Gerbowski,2003,https://www.transfermarkt.pl/fryderyk-gerbowski/profil/spieler/554277,500000
393,,Filip Marschall,2003,https://www.transfermarkt.pl/filip-marschall/profil/spieler/610863,500000
394,,Filip Borowski,2003,https://www.transfermarkt.pl/filip-borowski/profil/spieler/672287,500000
395,,Mariusz Fornalczyk,2003,https://www.transfermarkt.pl/mariusz-fornalczyk/profil/spieler/697468,500000
396,,Maksymilian Pingot,2003,https://www.transfermarkt.pl/maksymilian-pingot/profil/spieler/728420,500000
397,,Gabriel Kirejczyk,2003,https://www.transfermarkt.pl/gabriel-kirejczyk/profil/spieler/910764,500000
398,,Kacper Sezonienko,2003,https://www.transfermarkt.pl/kacper-sezonienko/profil/spieler/699585,350000
399,,Kacper Skora,2003,https://www.transfermarkt.pl/kacper-skora/profil/spieler/699698,350000
400,,Albert Posiadała,2003,https://www.transfermarkt.pl/albert-posiada%C5%82a/profil/spieler/712378,350000
401,,Marcel Misztal,2003,https://www.transfermarkt.pl/marcel-misztal/profil/spieler/740728,350000
402,,Filip Wilak,2003,https://www.transfermarkt.pl/filip-wilak/profil/spieler/625634,300000
403,,Krzysztof Machowski,2003,https://www.transfermarkt.pl/krzysztof-machowski/profil/spieler/949230,300000
404,,Krzysztof Bakowski,2003,https://www.transfermarkt.pl/krzysztof-bakowski/profil/spieler/554278,250000
405,,Franciszek Polowiec,2003,https://www.transfermarkt.pl/franciszek-polowiec/profil/spieler/720985,250000
406,,Tomasz Neugebauer,2003,https://www.transfermarkt.pl/tomasz-neugebauer/profil/spieler/799819,250000
407,,Michael Kostka,2003,https://www.transfermarkt.pl/michael-kostka/profil/spieler/554285,200000
408,,Patryk Kusztal,2003,https://www.transfermarkt.pl/patryk-kusztal/profil/spieler/554315,200000
409,,Jakub Kisiel,2003,https://www.transfermarkt.pl/jakub-kisiel/profil/spieler/672232,200000
410,,Kasjan Lipkowski,2003,https://www.transfermarkt.pl/kasjan-lipkowski/profil/spieler/819908,200000
411,,Adrian Troc,2003,https://www.transfermarkt.pl/adrian-troc/profil/spieler/900915,200000
412,,Filip Przybulek,2003,https://www.transfermarkt.pl/filip-przybulek/profil/spieler/1160473,200000
413,,Radoslaw Cielemecki,2003,https://www.transfermarkt.pl/radoslaw-cielemecki/profil/spieler/554280,150000
414,,Adrian Bukowski,2003,https://www.transfermarkt.pl/adrian-bukowski/profil/spieler/577597,150000
415,,Patryk Pierzak,2003,https://www.transfermarkt.pl/patryk-pierzak/profil/spieler/578161,150000
416,,Jakub Bieronski,2003,https://www.transfermarkt.pl/jakub-bieronski/profil/spieler/617431,150000
417,,Bartlomiej Smolarczyk,2003,https://www.transfermarkt.pl/bartlomiej-smolarczyk/profil/spieler/685445,150000
418,,Marcel Blachewicz,2003,https://www.transfermarkt.pl/marcel-blachewicz/profil/spieler/720914,150000
419,,Pawel Chrupalla,2003,https://www.transfermarkt.pl/pawel-chrupalla/profil/spieler/739910,150000
420,,Janusz Nojszewski,2003,https://www.transfermarkt.pl/janusz-nojszewski/profil/spieler/908601,150000
421,,Jerzy Tomal,2003,https://www.transfermarkt.pl/jerzy-tomal/profil/spieler/617097,100000
422,,Tymon Proczek,2003,https://www.transfermarkt.pl/tymon-proczek/profil/spieler/689483,100000
423,,Krystian Palacz,2003,https://www.transfermarkt.pl/krystian-palacz/profil/spieler/698957,100000
424,,Milosz Strzebonski,2003,https://www.transfermarkt.pl/milosz-strzebonski/profil/spieler/723613,100000
425,,Przemyslaw Maj,2003,https://www.transfermarkt.pl/przemyslaw-maj/profil/spieler/844746,100000
426,,Krzysztof Koton,2003,https://www.transfermarkt.pl/krzysztof-koton/profil/spieler/920209,100000
427,,Bartosz Biedrzycki,2003,https://www.transfermarkt.pl/bartosz-biedrzycki/profil/spieler/925747,100000
428,,Mateusz Ziolkowski,2003,https://www.transfermarkt.pl/mateusz-ziolkowski/profil/spieler/991346,100000
429,,Gracjan Szyszka,2003,https://www.transfermarkt.pl/gracjan-szyszka/profil/spieler/705120,75000
430,,Jakub Madrzyk,2003,https://www.transfermarkt.pl/jakub-madrzyk/profil/spieler/910780,75000
431,,Filip Mikrut,2003,https://www.transfermarkt.pl/filip-mikrut/profil/spieler/1035976,75000
432,,Jakub Ojrzynski,2003,https://www.transfermarkt.pl/jakub-ojrzynski/profil/spieler/540630,50000
433,,Bartosz Baranowicz,2003,https://www.transfermarkt.pl/bartosz-baranowicz/profil/spieler/554287,50000
434,,Nikodem Sujecki,2003,https://www.transfermarkt.pl/nikodem-sujecki/profil/spieler/569546,50000
435,,Dawid Brzozowski,2003,https://www.transfermarkt.pl/dawid-brzozowski/profil/spieler/683841,50000
436,,Jakub Kwiatkowski,2003,https://www.transfermarkt.pl/jakub-kwiatkowski/profil/spieler/699217,50000
437,,Jan Krzywanski,2003,https://www.transfermarkt.pl/jan-krzywanski/profil/spieler/790518,50000
438,,Maksym Niemiec,2003,https://www.transfermarkt.pl/maksym-niemiec/profil/spieler/799645,50000
439,,Patryk Walicki,2003,https://www.transfermarkt.pl/patryk-walicki/profil/spieler/819881,50000
440,,Tobiasz Kubik,2003,https://www.transfermarkt.pl/tobiasz-kubik/profil/spieler/941984,50000
441,,Karol Chuchro,2003,https://www.transfermarkt.pl/karol-chuchro/profil/spieler/1002543,50000
442,,Mikolaj Kosior,2003,https://www.transfermarkt.pl/mikolaj-kosior/profil/spieler/1035963,50000
443,,Daniel Krasucki,2003,https://www.transfermarkt.pl/daniel-krasucki/profil/spieler/574219,25000
444,,Pawel Budzynski,2003,https://www.transfermarkt.pl/pawel-budzynski/profil/spieler/577306,25000
445,,Jedrzej Strozik,2003,https://www.transfermarkt.pl/jedrzej-strozik/profil/spieler/583559,25000
446,,Maksymilian Manikowski,2003,https://www.transfermarkt.pl/maksymilian-manikowski/profil/spieler/621996,25000
447,,Bartosz Wierzchowski,2003,https://www.transfermarkt.pl/bartosz-wierzchowski/profil/spieler/662228,25000
448,,Maciej Wrobel,2003,https://www.transfermarkt.pl/maciej-wrobel/profil/spieler/674758,25000
449,,Kacper Lukasiak,2003,https://www.transfermarkt.pl/kacper-lukasiak/profil/spieler/694428,25000
450,,Jakub Cieslicki,2003,https://www.transfermarkt.pl/jakub-cieslicki/profil/spieler/699444,25000
451,,Jakub Grzesiak,2003,https://www.transfermarkt.pl/jakub-grzesiak/profil/spieler/699645,25000
452,,Ignacy Dawid,2003,https://www.transfermarkt.pl/ignacy-dawid/profil/spieler/700951,25000
453,,Junior Radzinski,2003,https://www.transfermarkt.pl/junior-radzinski/profil/spieler/709295,25000
454,,Jakub Lorek,2003,https://www.transfermarkt.pl/jakub-lorek/profil/spieler/721056,25000
455,,Rafal Mamla,2003,https://www.transfermarkt.pl/rafal-mamla/profil/spieler/727318,25000
456,,Szymon Majewski,2003,https://www.transfermarkt.pl/szymon-majewski/profil/spieler/750933,25000
457,,Filip Grodecki,2003,https://www.transfermarkt.pl/filip-grodecki/profil/spieler/786041,25000
458,,Mateusz Golba,2003,https://www.transfermarkt.pl/mateusz-golba/profil/spieler/797931,25000
459,,Kacper Roguski,2003,https://www.transfermarkt.pl/kacper-roguski/profil/spieler/799884,25000
460,,Blazej Sapielak,2003,https://www.transfermarkt.pl/blazej-sapielak/profil/spieler/802047,25000
461,,Michal Surzyn,2003,https://www.transfermarkt.pl/michal-surzyn/profil/spieler/802048,25000
462,,Kacper Szymkiewicz,2003,https://www.transfermarkt.pl/kacper-szymkiewicz/profil/spieler/806856,25000
463,,Jan Ciucka,2003,https://www.transfermarkt.pl/jan-ciucka/profil/spieler/813102,25000
464,,Oskar Wojcik,2003,https://www.transfermarkt.pl/oskar-wojcik/profil/spieler/821350,25000
465,,Karol Plonka,2003,https://www.transfermarkt.pl/karol-plonka/profil/spieler/821355,25000
466,,Jakub Pochciol,2003,https://www.transfermarkt.pl/jakub-pochciol/profil/spieler/823256,25000
467,,Ricardo Gonçalves,2003,https://www.transfermarkt.pl/ricardo-goncalves/profil/spieler/825585,25000
468,,Kacper Skwierczynski,2003,https://www.transfermarkt.pl/kacper-skwierczynski/profil/spieler/826222,25000
469,,Korneliusz Krasuski,2003,https://www.transfermarkt.pl/korneliusz-krasuski/profil/spieler/826270,25000
470,,Michael Wyparlo,2003,https://www.transfermarkt.pl/michael-wyparlo/profil/spieler/858521,25000
471,,Bartosz Zarebski,2003,https://www.transfermarkt.pl/bartosz-zarebski/profil/spieler/864031,25000
472,,Mateusz Wojtek,2003,https://www.transfermarkt.pl/mateusz-wojtek/profil/spieler/883287,25000
473,,Maksym Iwanowicz,2003,https://www.transfermarkt.pl/maksym-iwanowicz/profil/spieler/911519,25000
474,,Mateusz Kempski,2003,https://www.transfermarkt.pl/mateusz-kempski/profil/spieler/913676,25000
475,,Kacper Kojder,2003,https://www.transfermarkt.pl/kacper-kojder/profil/spieler/913973,25000
476,,Tomasz Kucharski,2003,https://www.transfermarkt.pl/tomasz-kucharski/profil/spieler/919476,25000
477,,Mateusz Kustosz,2003,https://www.transfermarkt.pl/mateusz-kustosz/profil/spieler/920729,25000
478,,Patryk Witasik,2003,https://www.transfermarkt.pl/patryk-witasik/profil/spieler/921789,25000
479,,Aleksander Gajgier,2003,https://www.transfermarkt.pl/aleksander-gajgier/profil/spieler/925778,25000
480,,Konrad Guca,2003,https://www.transfermarkt.pl/konrad-guca/profil/spieler/938756,25000
481,,Bartosz Ziolko,2003,https://www.transfermarkt.pl/bartosz-ziolko/profil/spieler/957555,25000
482,,Stanislaw Czarnoglowski,2003,https://www.transfermarkt.pl/stanislaw-czarnoglowski/profil/spieler/972718,25000
483,,Kacper Pankowski,2003,https://www.transfermarkt.pl/kacper-pankowski/profil/spieler/991584,25000
484,,Natan Malczuk,2003,https://www.transfermarkt.pl/natan-malczuk/profil/spieler/992960,25000
485,,Jakub Wasztyl,2003,https://www.transfermarkt.pl/jakub-wasztyl/profil/spieler/1029478,25000
486,,Bartosz Bernard,2003,https://www.transfermarkt.pl/bartosz-bernard/profil/spieler/1029479,25000
487,,Michal Barc,2003,https://www.transfermarkt.pl/michal-barc/profil/spieler/1034822,25000
488,,Simon Szczepanik,2003,https://www.transfermarkt.pl/simon-szczepanik/profil/spieler/1054285,25000
489,,Kamil Lipka,2003,https://www.transfermarkt.pl/kamil-lipka/profil/spieler/1070828,25000
498,,Tomasz Pienko,2004,https://www.transfermarkt.pl/tomasz-pienko/profil/spieler/555062,2000000
499,,Milosz Matysik,2004,https://www.transfermarkt.pl/milosz-matysik/profil/spieler/751104,1500000
500,,Aleksander Bobek,2004,https://www.transfermarkt.pl/aleksander-bobek/profil/spieler/795231,1000000
501,,Igor Strzalek,2004,https://www.transfermarkt.pl/igor-strzalek/profil/spieler/847436,1000000
502,,Mateusz Kowalczyk,2004,https://www.transfermarkt.pl/mateusz-kowalczyk/profil/spieler/919469,700000
503,,Kacper Urbanski,2004,https://www.transfermarkt.pl/kacper-urbanski/profil/spieler/699442,600000
504,,Lukasz Gerstenstein,2004,https://www.transfermarkt.pl/lukasz-gerstenstein/profil/spieler/826215,500000
505,,Kacper Duda,2004,https://www.transfermarkt.pl/kacper-duda/profil/spieler/555067,400000
506,,Szymon Weirauch,2004,https://www.transfermarkt.pl/szymon-weirauch/profil/spieler/727119,400000
507,,Jordan Majchrzak,2004,https://www.transfermarkt.pl/jordan-majchrzak/profil/spieler/846302,400000
508,,Iwo Kaczmarski,2004,https://www.transfermarkt.pl/iwo-kaczmarski/profil/spieler/555056,300000
509,,Szczepan Mucha,2004,https://www.transfermarkt.pl/szczepan-mucha/profil/spieler/726397,300000
510,,Marcel Lubik,2004,https://www.transfermarkt.pl/marcel-lubik/profil/spieler/656250,250000
511,,Albert Zarowny,2004,https://www.transfermarkt.pl/albert-zarowny/profil/spieler/1000682,250000
512,,Antoni Kozubal,2004,https://www.transfermarkt.pl/antoni-kozubal/profil/spieler/555057,200000
513,,Mateusz Chmarek,2004,https://www.transfermarkt.pl/mateusz-chmarek/profil/spieler/661369,200000
514,,Filip Kocaba,2004,https://www.transfermarkt.pl/filip-kocaba/profil/spieler/820540,200000
515,,Filip Koperski,2004,https://www.transfermarkt.pl/filip-koperski/profil/spieler/825583,200000
516,,Radoslaw Bak,2004,https://www.transfermarkt.pl/radoslaw-bak/profil/spieler/929271,200000
517,,Oliwier Zych,2004,https://www.transfermarkt.pl/oliwier-zych/profil/spieler/555074,150000
518,,Milosz Brzozowski,2004,https://www.transfermarkt.pl/milosz-brzozowski/profil/spieler/661158,150000
519,,Igor Drapinski,2004,https://www.transfermarkt.pl/igor-drapinski/profil/spieler/704970,150000
520,,Slawomir Abramowicz,2004,https://www.transfermarkt.pl/slawomir-abramowicz/profil/spieler/805834,150000
521,,Jakub Lutostanski,2004,https://www.transfermarkt.pl/jakub-lutostanski/profil/spieler/819692,150000
522,,Piotr Starzynski,2004,https://www.transfermarkt.pl/piotr-starzynski/profil/spieler/555060,100000
523,,Jan Zuberek,2004,https://www.transfermarkt.pl/jan-zuberek/profil/spieler/555070,100000
524,,Norbert Paclawski,2004,https://www.transfermarkt.pl/norbert-paclawski/profil/spieler/661404,100000
525,,Dawid Bugaj,2004,https://www.transfermarkt.pl/dawid-bugaj/profil/spieler/702692,100000
526,,Natan Dziegielewski,2004,https://www.transfermarkt.pl/natan-dziegielewski/profil/spieler/864041,100000
527,,Jakub Kolan,2004,https://www.transfermarkt.pl/jakub-kolan/profil/spieler/631447,75000
528,,Jakub Antczak,2004,https://www.transfermarkt.pl/jakub-antczak/profil/spieler/631442,50000
529,,Wiktor Kaminski,2004,https://www.transfermarkt.pl/wiktor-kaminski/profil/spieler/702690,50000
530,,Jakub Niemczyk,2004,https://www.transfermarkt.pl/jakub-niemczyk/profil/spieler/811243,50000
531,,Marcel Bykowski,2004,https://www.transfermarkt.pl/marcel-bykowski/profil/spieler/816271,50000
532,,Kacper Skrobanski,2004,https://www.transfermarkt.pl/kacper-skrobanski/profil/spieler/847073,50000
533,,Filip Zawadzki,2004,https://www.transfermarkt.pl/filip-zawadzki/profil/spieler/849472,50000
534,,Patryk Kukulski,2004,https://www.transfermarkt.pl/patryk-kukulski/profil/spieler/862786,50000
535,,Wojciech Zielinski,2004,https://www.transfermarkt.pl/wojciech-zielinski/profil/spieler/888665,50000
536,,Marcel Predenkiewicz,2004,https://www.transfermarkt.pl/marcel-predenkiewicz/profil/spieler/929450,50000
537,,Eryk Pieczarka,2004,https://www.transfermarkt.pl/eryk-pieczarka/profil/spieler/958925,50000
538,,Bartosz Checinski,2004,https://www.transfermarkt.pl/bartosz-checinski/profil/spieler/962340,50000
539,,Wiktor Nowak,2004,https://www.transfermarkt.pl/wiktor-nowak/profil/spieler/1018224,50000
540,,Alan Brod,2004,https://www.transfermarkt.pl/alan-brod/profil/spieler/1030359,50000
541,,Michal Willmann,2004,https://www.transfermarkt.pl/michal-willmann/profil/spieler/1033045,50000
542,,Radoslaw Sewerys,2004,https://www.transfermarkt.pl/radoslaw-sewerys/profil/spieler/555052,25000
543,,Michal Samborski,2004,https://www.transfermarkt.pl/michal-samborski/profil/spieler/555069,25000
544,,Jakub Niedbala,2004,https://www.transfermarkt.pl/jakub-niedbala/profil/spieler/581899,25000
545,,Marcin Barton,2004,https://www.transfermarkt.pl/marcin-barton/profil/spieler/610647,25000
546,,Patryk Romanowski,2004,https://www.transfermarkt.pl/patryk-romanowski/profil/spieler/631440,25000
547,,Michal Litwa,2004,https://www.transfermarkt.pl/michal-litwa/profil/spieler/714021,25000
548,,Adrian Sandach,2004,https://www.transfermarkt.pl/adrian-sandach/profil/spieler/750934,25000
549,,Wiktor Koptas,2004,https://www.transfermarkt.pl/wiktor-koptas/profil/spieler/790524,25000
550,,Nikodem Zielonka,2004,https://www.transfermarkt.pl/nikodem-zielonka/profil/spieler/798158,25000
551,,Maciej Kikolski,2004,https://www.transfermarkt.pl/maciej-kikolski/profil/spieler/807782,25000
552,,Maksym Czekala,2004,https://www.transfermarkt.pl/maksym-czekala/profil/spieler/821358,25000
553,,Milosz Kurowski,2004,https://www.transfermarkt.pl/milosz-kurowski/profil/spieler/826319,25000
554,,Dorian Gadek,2004,https://www.transfermarkt.pl/dorian-gadek/profil/spieler/826378,25000
555,,Hubert Szulc,2004,https://www.transfermarkt.pl/hubert-szulc/profil/spieler/837346,25000
556,,Hubert Kwolek,2004,https://www.transfermarkt.pl/hubert-kwolek/profil/spieler/842939,25000
557,,Dorian Orlinski,2004,https://www.transfermarkt.pl/dorian-orlinski/profil/spieler/864028,25000
558,,Milosz Pawlusinski,2004,https://www.transfermarkt.pl/milosz-pawlusinski/profil/spieler/864029,25000
559,,Kamil Duda,2004,https://www.transfermarkt.pl/kamil-duda/profil/spieler/866232,25000
560,,Oskar Mielcarz,2004,https://www.transfermarkt.pl/oskar-mielcarz/profil/spieler/866431,25000
561,,Kacper Chmielewski,2004,https://www.transfermarkt.pl/kacper-chmielewski/profil/spieler/876392,25000
562,,Kacper Stoklosa,2004,https://www.transfermarkt.pl/kacper-stoklosa/profil/spieler/883575,25000
563,,Wiktor Bogacz,2004,https://www.transfermarkt.pl/wiktor-bogacz/profil/spieler/886501,25000
564,,Oliwier Hyla,2004,https://www.transfermarkt.pl/oliwier-hyla/profil/spieler/895303,25000
565,,Igor Rutkowski,2004,https://www.transfermarkt.pl/igor-rutkowski/profil/spieler/897217,25000
566,,Mateusz Letkiewicz,2004,https://www.transfermarkt.pl/mateusz-letkiewicz/profil/spieler/904124,25000
567,,Bartlomiej Kolec,2004,https://www.transfermarkt.pl/bartlomiej-kolec/profil/spieler/904162,25000
568,,Lukasz Ostrowski,2004,https://www.transfermarkt.pl/lukasz-ostrowski/profil/spieler/910787,25000
569,,Wiktor Matyjewicz,2004,https://www.transfermarkt.pl/wiktor-matyjewicz/profil/spieler/910867,25000
570,,Kacper Pietrzyk,2004,https://www.transfermarkt.pl/kacper-pietrzyk/profil/spieler/913409,25000
571,,Radoslaw Dabrowski,2004,https://www.transfermarkt.pl/radoslaw-dabrowski/profil/spieler/913664,25000
572,,Szymon Sarbinowski,2004,https://www.transfermarkt.pl/szymon-sarbinowski/profil/spieler/925474,25000
573,,Filip Jakubowski,2004,https://www.transfermarkt.pl/filip-jakubowski/profil/spieler/925477,25000
574,,Piotr Urbanski,2004,https://www.transfermarkt.pl/piotr-urbanski/profil/spieler/925779,25000
575,,Milosz Kaczor,2004,https://www.transfermarkt.pl/milosz-kaczor/profil/spieler/929302,25000
576,,Kacper Pasko,2004,https://www.transfermarkt.pl/kacper-pasko/profil/spieler/930129,25000
577,,Filip Chadala,2004,https://www.transfermarkt.pl/filip-chadala/profil/spieler/930556,25000
578,,Filip Jurczak,2004,https://www.transfermarkt.pl/filip-jurczak/profil/spieler/931087,25000
579,,Krystian Matwiejczuk,2004,https://www.transfermarkt.pl/krystian-matwiejczuk/profil/spieler/988868,25000
580,,Maksymilian Paszkowski,2004,https://www.transfermarkt.pl/maksymilian-paszkowski/profil/spieler/1001954,25000
581,,Maksymilian Pogonowski,2004,https://www.transfermarkt.pl/maksymilian-pogonowski/profil/spieler/1012031,25000
582,,Michal Szalachowski,2004,https://www.transfermarkt.pl/michal-szalachowski/profil/spieler/1017308,25000
583,,Michal Ploch,2004,https://www.transfermarkt.pl/michal-ploch/profil/spieler/1028469,25000
584,,Oskar Lodzinski,2004,https://www.transfermarkt.pl/oskar-lodzinski/profil/spieler/1032290,25000
585,,Oskar Lesniak,2004,https://www.transfermarkt.pl/oskar-lesniak/profil/spieler/1032923,25000
586,,Kamil Zapytowski,2004,https://www.transfermarkt.pl/kamil-zapytowski/profil/spieler/1037093,25000
587,,Jozef Kolasa,2004,https://www.transfermarkt.pl/jozef-kolasa/profil/spieler/1053155,25000
588,,Piotr Liszewski,2004,https://www.transfermarkt.pl/piotr-liszewski/profil/spieler/1069370,25000
589,,Szymon Krawczyk,2004,https://www.transfermarkt.pl/szymon-krawczyk/profil/spieler/1109847,25000
590,,Adam Smulski,2004,https://www.transfermarkt.pl/adam-smulski/profil/spieler/1122188,25000
591,,Krystian Borecki,2004,https://www.transfermarkt.pl/krystian-borecki/profil/spieler/671686,10000
592,,Noah Mrosek,2004,https://www.transfermarkt.pl/noah-mrosek/profil/spieler/684316,10000
633,,Jakub Lewicki,2005,https://www.transfermarkt.pl/jakub-lewicki/profil/spieler/929423,1000000
634,,Dawid Drachal,2005,https://www.transfermarkt.pl/dawid-drachal/profil/spieler/895298,800000
635,,Dariusz Stalmach,2005,https://www.transfermarkt.pl/dariusz-stalmach/profil/spieler/826795,500000
636,,Dawid Tkacz,2005,https://www.transfermarkt.pl/dawid-tkacz/profil/spieler/718161,450000
637,,Bartosz Tomaszewski,2005,https://www.transfermarkt.pl/bartosz-tomaszewski/profil/spieler/618409,300000
638,,Jakub Jedrasik,2005,https://www.transfermarkt.pl/jakub-jedrasik/profil/spieler/848943,300000
639,,Mateusz Kowalski,2005,https://www.transfermarkt.pl/mateusz-kowalski/profil/spieler/902573,300000
640,,Oliwier Wojciechowski,2005,https://www.transfermarkt.pl/oliwier-wojciechowski/profil/spieler/618392,250000
641,,Jan Ziolkowski,2005,https://www.transfermarkt.pl/jan-ziolkowski/profil/spieler/1046867,250000
642,,Jakub Stec,2005,https://www.transfermarkt.pl/jakub-stec/profil/spieler/1109627,250000
643,,Krystian Okoniewski,2005,https://www.transfermarkt.pl/krystian-okoniewski/profil/spieler/618377,100000
644,,Filip Luberecki,2005,https://www.transfermarkt.pl/filip-luberecki/profil/spieler/618417,100000
645,,Kacper Terlecki,2005,https://www.transfermarkt.pl/kacper-terlecki/profil/spieler/717916,100000
646,,Kacper Smiglewski,2005,https://www.transfermarkt.pl/kacper-smiglewski/profil/spieler/925777,100000
647,,Olaf Kozlowski,2005,https://www.transfermarkt.pl/olaf-kozlowski/profil/spieler/1064214,100000
648,,Antoni Kulawiak,2005,https://www.transfermarkt.pl/antoni-kulawiak/profil/spieler/1030757,75000
649,,Tomasz Walczak,2005,https://www.transfermarkt.pl/tomasz-walczak/profil/spieler/618410,50000
650,,Marcel Szymanski,2005,https://www.transfermarkt.pl/marcel-szymanski/profil/spieler/618413,50000
651,,Marcel Mendes,2005,https://www.transfermarkt.pl/marcel-mendes/profil/spieler/717910,50000
652,,Kacper Masiak,2005,https://www.transfermarkt.pl/kacper-masiak/profil/spieler/717915,50000
653,,Igor Stasinski,2005,https://www.transfermarkt.pl/igor-stasinski/profil/spieler/1107625,50000
654,,Bartosz Brzek,2005,https://www.transfermarkt.pl/bartosz-brzek/profil/spieler/618404,25000
655,,Dawid Zieba,2005,https://www.transfermarkt.pl/dawid-zieba/profil/spieler/717904,25000
656,,Konrad Magnuszewski,2005,https://www.transfermarkt.pl/konrad-magnuszewski/profil/spieler/717912,25000
657,,Damian Wojdakowski,2005,https://www.transfermarkt.pl/damian-wojdakowski/profil/spieler/742945,25000
658,,Antoni Mikulko,2005,https://www.transfermarkt.pl/antoni-mikulko/profil/spieler/826506,25000
659,,Bartlomiej Kaldunski,2005,https://www.transfermarkt.pl/bartlomiej-kaldunski/profil/spieler/828746,25000
660,,Igor Dziedzic,2005,https://www.transfermarkt.pl/igor-dziedzic/profil/spieler/861705,25000
661,,Maciej Mrozik,2005,https://www.transfermarkt.pl/maciej-mrozik/profil/spieler/869950,25000
662,,Jakub Staniszewski,2005,https://www.transfermarkt.pl/jakub-staniszewski/profil/spieler/911472,25000
663,,Marcel Zlomanczuk,2005,https://www.transfermarkt.pl/marcel-zlomanczuk/profil/spieler/911489,25000
664,,Jakub Rajczykowski,2005,https://www.transfermarkt.pl/jakub-rajczykowski/profil/spieler/925636,25000
665,,Bartosz Glogowski,2005,https://www.transfermarkt.pl/bartosz-glogowski/profil/spieler/925734,25000
666,,Stanislaw Szczyrek,2005,https://www.transfermarkt.pl/stanislaw-szczyrek/profil/spieler/930182,25000
667,,Aleksander Wolczek,2005,https://www.transfermarkt.pl/aleksander-wolczek/profil/spieler/930416,25000
668,,Kacper Przybylko,2005,https://www.transfermarkt.pl/kacper-przybylko/profil/spieler/952379,25000
669,,Kacper Flisiuk,2005,https://www.transfermarkt.pl/kacper-flisiuk/profil/spieler/952718,25000
670,,Rafal Witas,2005,https://www.transfermarkt.pl/rafal-witas/profil/spieler/953873,25000
671,,Jakub Snopczynski,2005,https://www.transfermarkt.pl/jakub-snopczynski/profil/spieler/960963,25000
672,,Kornel Rebisz,2005,https://www.transfermarkt.pl/kornel-rebisz/profil/spieler/961339,25000
673,,Oskar Klon,2005,https://www.transfermarkt.pl/oskar-klon/profil/spieler/945954,25000
674,,Maksymilian Brejnak,2005,https://www.transfermarkt.pl/maksymilian-brejnak/profil/spieler/985771,25000
675,,Kacper Bojanczyk,2005,https://www.transfermarkt.pl/kacper-bojanczyk/profil/spieler/985983,25000
676,,Jakub Wajman,2005,https://www.transfermarkt.pl/jakub-wajman/profil/spieler/993898,25000
677,,Kacper Capiga,2005,https://www.transfermarkt.pl/kacper-capiga/profil/spieler/999031,25000
678,,Norbert Warmuz,2005,https://www.transfermarkt.pl/norbert-warmuz/profil/spieler/1030360,25000
679,,Eric Topor,2005,https://www.transfermarkt.pl/eric-topor/profil/spieler/1031510,25000
680,,Filip Skladowski,2005,https://www.transfermarkt.pl/filip-skladowski/profil/spieler/1033042,25000
681,,Szymon Bartlewicz,2005,https://www.transfermarkt.pl/szymon-bartlewicz/profil/spieler/1042499,25000
682,,Mikolaj Kiliszek,2005,https://www.transfermarkt.pl/mikolaj-kiliszek/profil/spieler/1046006,25000
683,,Wojciech Jakubik,2005,https://www.transfermarkt.pl/wojciech-jakubik/profil/spieler/1046875,25000
684,,Aleksander Nadolski,2005,https://www.transfermarkt.pl/aleksander-nadolski/profil/spieler/1048614,25000
685,,Jakub Rozwadowski,2005,https://www.transfermarkt.pl/jakub-rozwadowski/profil/spieler/1048761,25000
686,,Jakub Raciniewski,2005,https://www.transfermarkt.pl/jakub-raciniewski/profil/spieler/1058342,25000
687,,Szymon Jannasz,2005,https://www.transfermarkt.pl/szymon-jannasz/profil/spieler/1065022,25000
688,,Adrian Tworzydlo,2005,https://www.transfermarkt.pl/adrian-tworzydlo/profil/spieler/1075330,25000
689,,Jakub Mackowiak,2005,https://www.transfermarkt.pl/jakub-mackowiak/profil/spieler/1102830,25000
690,,Dawid Pieniazek,2005,https://www.transfermarkt.pl/dawid-pieniazek/profil/spieler/1102831,25000
691,,Mikolaj Oleksy,2005,https://www.transfermarkt.pl/mikolaj-oleksy/profil/spieler/1103066,25000
692,,Kacper Siuta,2005,https://www.transfermarkt.pl/kacper-siuta/profil/spieler/1108006,25000
693,,Aleksander Piatek,2005,https://www.transfermarkt.pl/aleksander-piatek/profil/spieler/1115773,25000
694,,Daniel Ciesla,2005,https://www.transfermarkt.pl/daniel-ciesla/profil/spieler/1141907,25000
695,,Adam Wojcik,2005,https://www.transfermarkt.pl/adam-wojcik/profil/spieler/1143474,25000
696,,Szymon Galazka,2005,https://www.transfermarkt.pl/szymon-galazka/profil/spieler/1151259,25000
697,,Kacper Piechota,2005,https://www.transfermarkt.pl/kacper-piechota/profil/spieler/1155394,25000
743,,Karol Borys,2006,https://www.transfermarkt.pl/karol-borys/profil/spieler/890272,1000000
744,,Filip Rejczyk,2006,https://www.transfermarkt.pl/filip-rejczyk/profil/spieler/991455,600000
745,,Michal Gurgul,2006,https://www.transfermarkt.pl/michal-gurgul/profil/spieler/991779,600000
746,,Filip Rozga,2006,https://www.transfermarkt.pl/filip-rozga/profil/spieler/974365,400000
747,,Krzysztof Kolanko,2006,https://www.transfermarkt.pl/krzysztof-kolanko/profil/spieler/991460,400000
748,,Dominik Szala,2006,https://www.transfermarkt.pl/dominik-szala/profil/spieler/1048756,300000
749,,Alan Rybak,2006,https://www.transfermarkt.pl/alan-rybak/profil/spieler/1073030,100000
750,,Maksymilian Sznaucner,2006,https://www.transfermarkt.pl/maksymilian-sznaucner/profil/spieler/991778,50000
751,,Jakub Wojcik,2006,https://www.transfermarkt.pl/jakub-wojcik/profil/spieler/1043050,50000
752,,Jakub Krzyzanowski,2006,https://www.transfermarkt.pl/jakub-krzyzanowski/profil/spieler/888643,25000
753,,Michal Matys,2006,https://www.transfermarkt.pl/michal-matys/profil/spieler/924895,25000
754,,Jan Faberski,2006,https://www.transfermarkt.pl/jan-faberski/profil/spieler/949480,25000
755,,Bartosz Bieronski,2006,https://www.transfermarkt.pl/bartosz-bieronski/profil/spieler/953452,25000
756,,Bartlomiej Baranski,2006,https://www.transfermarkt.pl/bartlomiej-baranski/profil/spieler/959917,25000
757,,Krzysztof Kurowski,2006,https://www.transfermarkt.pl/krzysztof-kurowski/profil/spieler/964757,25000
758,,Szymon Kadziolka,2006,https://www.transfermarkt.pl/szymon-kadziolka/profil/spieler/964766,25000
759,,Milosz Piekutowski,2006,https://www.transfermarkt.pl/milosz-piekutowski/profil/spieler/965043,25000
760,,Kamil Soberka,2006,https://www.transfermarkt.pl/kamil-soberka/profil/spieler/965106,25000
761,,Igor Orlikowski,2006,https://www.transfermarkt.pl/igor-orlikowski/profil/spieler/991454,25000
762,,Axel Holewinski,2006,https://www.transfermarkt.pl/axel-holewinski/profil/spieler/999090,25000
763,,Milosz Zurawski,2006,https://www.transfermarkt.pl/milosz-zurawski/profil/spieler/1017307,25000
764,,Jan Labedzki,2006,https://www.transfermarkt.pl/jan-labedzki/profil/spieler/1025972,25000
765,,Antoni Franke,2006,https://www.transfermarkt.pl/antoni-franke/profil/spieler/1035971,25000
766,,Jakub Paszkowski,2006,https://www.transfermarkt.pl/jakub-paszkowski/profil/spieler/1038750,25000
767,,Michal Niedbala,2006,https://www.transfermarkt.pl/michal-niedbala/profil/spieler/1070002,25000
768,,Szymon Szklinski,2006,https://www.transfermarkt.pl/szymon-szklinski/profil/spieler/1106120,25000
769,,Maksymilian Sliwinski,2006,https://www.transfermarkt.pl/maksymilian-sliwinski/profil/spieler/1106969,25000
770,,Szymon Lyczko,2006,https://www.transfermarkt.pl/szymon-lyczko/profil/spieler/1108661,25000
771,,Borys Kisiel,2006,https://www.transfermarkt.pl/borys-kisiel/profil/spieler/1109157,25000
772,,Kacper Kucharczyk,2006,https://www.transfermarkt.pl/kacper-kucharczyk/profil/spieler/1121037,25000
773,,Kacper Zabinski,2006,https://www.transfermarkt.pl/kacper-zabinski/profil/spieler/1138415,25000
774,,Szymon Gierlach,2006,https://www.transfermarkt.pl/szymon-gierlach/profil/spieler/1141913,25000
775,,Marcel Potoczny,2006,https://www.transfermarkt.pl/marcel-potoczny/profil/spieler/1142175,25000
776,,Szymon Branczyk,2006,https://www.transfermarkt.pl/szymon-branczyk/profil/spieler/1143641,25000
777,,Mateusz Bialka,2006,https://www.transfermarkt.pl/mateusz-bialka/profil/spieler/1143690,25000
778,,Dawid Rychta,2006,https://www.transfermarkt.pl/dawid-rychta/profil/spieler/1155393,25000
779,,Igor Stanczak,2006,https://www.transfermarkt.pl/igor-stanczak/profil/spieler/1156315,25000
780,,Mateusz Lechowicz,2006,https://www.transfermarkt.pl/mateusz-lechowicz/profil/spieler/1156327,25000
781,,Maciej Zygmunt,2006,https://www.transfermarkt.pl/maciej-zygmunt/profil/spieler/1188365,25000
838,,Adrian Przyborek,2007,https://www.transfermarkt.pl/adrian-przyborek/profil/spieler/1018395,300000
839,,Filip Gil,2007,https://www.transfermarkt.pl/filip-gil/profil/spieler/1107635,50000
840,,Cyprian Popielec,2007,https://www.transfermarkt.pl/cyprian-popielec/profil/spieler/1046884,25000
841,,Oskar Jez,2007,https://www.transfermarkt.pl/oskar-jez/profil/spieler/1112174,25000
842,,Michal Wachowicz,2007,https://www.transfermarkt.pl/michal-wachowicz/profil/spieler/1114521,25000
843,,Mikolaj Molendowski,2007,https://www.transfermarkt.pl/mikolaj-molendowski/profil/spieler/1118869,25000
874,,Jedrzej Hanuszczak,2008,https://www.transfermarkt.pl/jedrzej-hanuszczak/profil/spieler/1138739,25000
